Distrito,Region,Latitud,Longitud,Pais
San Isidro,Lima Oeste,-12.0977,-77.0377,Peru
Miraflores,Lima Oeste,-12.1211,-77.0293,Peru
Santiago de Surco,Lima Este,-12.139,-77.0212,Peru
La Molina,Lima Este,-12.0854,-76.9715,Peru
San Borja,Lima Este,-12.1037,-77.0204,Peru
Barranco,Lima Oeste,-12.1486,-77.0164,Peru
Pueblo Libre,Lima Oeste,-12.0762,-77.0597,Peru
Jesus Maria,Lima Oeste,-12.0815,-77.0493,Peru
San Miguel,Lima Oeste,-12.0791,-77.082,Peru
Magdalena del Mar,Lima Oeste,-12.0915,-77.07,Peru
Chorrillos,Lima Sur,-12.1622,-77.0193,Peru
Villa El Salvador,Lima Sur,-12.1758,-76.9356,Peru
Villa Maria del Triunfo,Lima Sur,-12.1607,-76.9367,Peru
Rimac,Lima Norte,-12.0264,-77.0353,Peru
Brena,Lima Oeste,-12.0493,-77.0535,Peru
Lince,Lima Oeste,-12.0718,-77.0348,Peru
El Agustino,Lima Este,-12.0486,-77.0052,Peru
Ate,Lima Este,-12.0432,-76.9544,Peru
Santa Anita,Lima Este,-12.0488,-76.9706,Peru
Comas,Lima Norte,-11.9475,-77.059,Peru
Independencia,Lima Norte,-11.9888,-77.0506,Peru
Los Olivos,Lima Norte,-11.9547,-77.0614,Peru
San Martin de Porres,Lima Norte,-12.0011,-77.062,Peru
Carabayllo,Lima Norte,-11.9067,-77.037,Peru
